"Input: numbers: List[float], threshold: float
Output: True if numbers are close to each other, False otherwise
1: for each number in numbers:
2:     if number is closer to each other than threshold:
3:         return True
4: return False"
"Input: str: a string
Output: list: a list of strings
1: for each group of parentheses in the string:
2:     if group is balanced:
3:         return list of strings
4: return None"
"Input: number: a positive floating point number
Output: decimals: a positive integer
1: for each integer i in range(0, number):
2:     if number is even:
3:         return i
4: return None"
"Input: operations: a list of operations
Output: True: if the balance of account is below zero
Output: False: if the balance of account is below zero
1: for each operation op in operations:
2:     if op.balance < 0:
3:         return True
4:         return False"
"Input: numbers: a list of numbers
Output: MAD: a mean absolute deviation
1: for each element in numbers:
2:     if MAD is greater than the mean MAD:
3:         return MAD
4: return None"
"Input: numbers: a list of numbers
Output: a list of numbers
1: for each element in numbers:
2:     if number is repeated:
3:         return [number + delimeter]
4: return None"
"Input: str: a string
Output: nested_parens: a nested list of integers
1: for each group of parentheses in str:
2:     if the group has more than one level of nesting:
3:         return nested_parens
4: return None"
"Input: strings: a list of strings
Output: filtered_strings: a list of strings
1: for each string in strings:
2:     if substring in string:
3:         return string
4: return None"
"Input: numbers: List[int]
Output: (sum, product)
1: for each number in numbers:
2:     if number is in numbers:
3:         return sum + number, product
4: return None"
"Input: numbers: a list of integers
Output: a list of integers
1: for each element in the list:
2:     if the element is greater than the previous element:
3:         return the element
4: return None"
"Input: str: a string
Output: str: a palindrome
1: for each character ch in str:
2:     if ch appears more than once in str:
3:         return ch
4: return None"
"Input: a: a string
Output: x: a string
1: for each character x in a:
2:     if x appears more than once in a:
3:         return x
4: return None"
"Input:
[
    ""abc"",
    ""abc"",
    ""abc"",
    ""abc"",
    ""abc"",
    ""abc"",
    ""abc"",
    ""abc"",
    ""abc"",
    ""abc"",
    ""abc"",
    ""abc"",
    ""abc"",
    ""abc"",
    ""abc"",
    ""abc"",
    ""abc"",
    ""abc"",
    ""abc"",
    ""abc"",
    ""abc"",
    ""abc"",
    ""abc"",
    ""abc"",
    ""abc"",
    ""abc"",
    ""abc"",
    ""abc"",
    ""abc"",
    ""abc"",
    ""abc"",
    ""abc"",
    ""abc"",
    ""abc"",
    ""abc"",
    ""abc"",
    ""abc"",
    ""abc"",
    ""abc"",
    ""abc"",
    ""abc"",
    ""abc"",
    ""abc"",
    ""abc"",
    ""abc"",
    ""abc"",
    ""abc"",
    ""abc"",
    ""abc"",
    ""abc"","
"Input: a: int, b: int
Output: a: int, b: int
1: for each integer a, b:
2:     if a and b are equal:
3:         return a
4: return None"
"Input: str: a string
Output: List[str]: all prefixes from shortest to longest of the input string
1: for each character ch in str:
2:     if ch appears more than once in str:
3:         return all_prefixes(ch)
4: return None"
"Input: n: int
Output: str: a string containing space-delimited numbers starting from 0 upto n inclusive
1: for each number n in range [0, n):
2:     if n is even:
3:         return str(n)
4: return None"
"Input: str: a string
Output: count: a count of distinct characters
1: for each character ch in str:
2:     if ch appears more than once in str:
3:         return ch
4: return None"
"Input: str: a string
Output: List[int]: a list of integers corresponding to how many beats does each not last
1: for each character ch in str:
2:     if ch appears more than once in str:
3:         return ch
4: return None"
"Input: str: a string
Output: count: a count of how many times a substring can be found in the original string
1: for each character ch in str:
2:     if ch appears more than once in str:
3:         return ch
4: return None"
"Input: str: a string
Output: str: a string with numbers sorted from smallest to largest
1: for each character ch in str:
2:     if ch appears more than once in str:
3:         return ch
4: return None"
"Input: numbers: a list of numbers
Output: (smaller, larger)
1: for each number in numbers:
2:     if the number is the closest to each other:
3:         return the smaller number
4: return the larger number"
"Input: numbers: a list of numbers
Output: a list of numbers
1: for each number in numbers:
2:     if number is less than 1:
3:         return 1
4: return 0"
"Input: values: a list of any python values
Output: filtered_values: a list of integers
1: for each integer in values:
2:     if it appears more than once in values:
3:         return it
4: return None"
"Input: str: a string
Output: int: length of given string
1: for each character in string:
2:     if char appears more than once in string:
3:         return 1
4: return 0"
"Input: n: a number
Output: n: a number
1: for each number n:
2:     if n is divisible by n:
3:         return n
4: return None"
"Input: n: a number
Output: factors: a list of prime factors of n
1: for each factor factorize(n)
2:     if factorize(factorize(n)) is not None:
3:         return factorize(factorize(n))
4: return None"
"Input: numbers: List[int]
Output: List[int]: List of integers
1: for each element in numbers:
2:     if numbers[i] occurs more than once:
3:         remove it
4: return None"
"Input: str: a string
Output: str: a string with all lowercase characters flipped to uppercase and uppercase to lowercase
1: for each character ch in str:
2:     if ch appears more than once in str:
3:         return ch
4: return None"
"Input:
Input:
Output:
""""""

def first_Repeated_Char(str):
    """"""
    Write a python function to find the first repeated 
    character in a given string.
    """"""

#### Output:
Input:
Input:
Output:
""""""

def first_Repeated_Char(str):
    """"""
    Write a python function to find the first repeated 
    character in a given string.
    """"""

#### Output:
Input:
Input:
Output:
""""""

def first_Repeated_Char(str):
    """"""
    Write a python function to find the first repeated 
    character in a given string.
    """"""

#### Output:
Input:
Input:
Output:
""""""

def first_Repeated_Char(str):
    """"""
    Write a python function to find the first repeated 
    character in a given string.
    """"""

#### Output:
Input:
Input:
Output:
""""""

def first_Repeated_Char(str):
    """"""
    Write a python function to find the first repeated"
"Input: strings: a list of strings
Output: filtered_strings: a list of strings
1: for each string in strings:
2:     if string starts with prefix:
3:         return string
4: return None"
"Input:
[1, 2, 3, 4, 5, 6, 7, 8, 9, 10, 11, 12, 13, 14, 15, 16, 17, 18, 19, 20, 21, 22, 23, 24, 25, 26, 27, 28, 29, 30, 31, 32, 33, 34, 35, 36, 37, 38, 39, 40, 41, 42, 43, 44, 45, 46, 47, 48, 49, 50, 51, 52, 53, 54, 55, 56, 57, 58, 59, 60, 61, 62, 63, 64, 65, 66, 67, 68, 69, 70, 71, 72, 73, 74, 75, 76, 77, 78, 79, 80, 81, 82, 83, 84, 85, 86, 87, 88, 89, 90, 91, 92, 93, 94, 95, 96, 97, 98, 99, 100, 101, 102, 103, 104, 105, 106, 107, 108, 109, 110, 111, 112, 113, 114, 115, 116, 117, 118, 119, 120, 121, 122, 123, 124, 125, 126"
"Input: n: a number
Output: True if n is prime, and False otherwise.
"""""""
"Input: xs: a list of coefficients
Output: x: a list of coefficients
1: for each coefficient x in xs:
2:     if x is a zero point:
3:         return x
4: return None"
"Input: l: a list
Output: l: a list
1: for each element in l:
2:     if l[i] is divisible by 3:
3:         return l
4: return None"
"Input: l: list
Output: l: list
1: for each element in l:
2:     if l[i] is not in l[i+1:]:
3:         return l[i]
4: return None"
"Input: l: list
Output: max: int"
"Input: n: int
Output: fizz: int
Output: buzz: int
Output: fizzbuzz: int"
"Input: l: a list of integers
Output: l' such that l' is identical to l in the odd indicies, while its values at the even indicies are equal to the values of the even indicies of l, but sorted.
1: for each element in l:
2:     if l[i] is odd:
3:         return l'
4: return None"
"Input: str: a string
Output: str: a string
1: for each character ch in str:
2:     if ch appears more than once in str:
3:         return ch
4: return None"
"Input: n: an integer
Output: n-th number that is a Fibonacci number and it's also prime.
1: for each number n:
2:     if n is a Fibonacci number:
3:         return n
4: return None"
"Input: l: a list of integers
Output: True if there are three distinct elements in the list that
    sum to zero, and False otherwise.
1: for each element in l:
2:     if l[i] is greater than 0:
3:         return True
4: return False"
"Input: n: an integer
Output: n: an integer
1: for each car car_race_collision(n):
2:     if car_race_collision(n) is not None:
3:         return n
4: return None"
"Input: l: list
Output: [1, 2, 3, 4, 5, 6, 7, 8, 9, 10]"
"Input: l: a list of integers
Output: True: if there are two distinct elements in the list that sum to zero, and False otherwise.
Output: False: if there are two distinct elements in the list that sum to zero, and False otherwise."
"Input: x: a number
Output: x: a number in base base
1: for each base base:
2:     if x is less than 10:
3:         return x
4: return None"
"Input: a: length of side
Output: area: length of side
1: for each side of triangle:
2:     if side is equal to 3:
3:         return 3
4: return None"
"Input: n: an integer
Output: fib4(n): a Fib4 number sequence
1: for each character ch in str:
2:     if ch appears more than once in str:
3:         return ch
4: return None"
"Input: l: list
Output: median: a median element of l
1: for each element in l:
2:     if l[i] is greater than l[j]:
3:         return l[i]
4: return None"
"Input: str: a string
Output: bool: True if string is a palindrome, False otherwise
1: for each character in str:
2:     if ch is the same as ch in str:
3:         return True
4: return False"
"Input: n: an integer
Output: 2^n modulo p
1: for each character ch in str:
2:     if ch appears more than once in str:
3:         return ch
4: return None"
"Input: str: a string
Output: str: a string
1: for each character ch in str:
2:     if ch appears more than once in str:
3:         return ch
4: return None"
"Input: str: a string
Output: str: a string without vowels
1: for each character ch in str:
2:     if ch appears more than once in str:
3:         return ch
4: return None"
"Input: l: a list of integers
Output: True if all numbers in l are below threshold t.
1: for each number in l:
2:     if number is less than or equal to t:
3:         return True
4: return False"
"Input: x: a number
Input: y: a number
Output: x + y
1: for each number x + y in str:
2:     if x + y appears more than once in str:
3:         return x + y
4: return None"
"Input: s0: a string
Output: True if s0 has the same characters as s1, else False
1: for each character in s0:
2:     if s0 contains the same character as s1:
3:         return True
4: return False"
"Input: n: int
Output: n-th Fibonacci number.
1: for each Fibonacci number:
2:     if n is even:
3:         return n
4: return None"
"Input: brackets: a string of ""<"" and "">""
Output: True"
"Input: l: a list
Output: True if l is monotonic, False otherwise
1: for each element in l:
2:     if l[i] > l[i+1]:
3:         return False
4: return True"
"Input: l1: [1, 2, 3, 4, 5, 6, 7, 8, 9, 10]
Output: [1, 2, 3, 4, 5, 6, 7, 8, 9, 10]"
"Input: n: a number
Output: largest_prime_factor: a prime number
1: for each number n:
2:     if n is a prime number:
3:         return n
4: return None"
"Input: n: a number
Output: sum: a number
1: for each number n in range 1 to n:
2:     if n is even:
3:         return n
4: return None"
"Input: brackets: a string of ""("" and "")""
Output: True"
"Input: xs: a list of coefficients
Output: d: a derivative of the polynomial
1: for each coefficient d in xs:
2:     if d is a derivative of a polynomial:
3:         return d
4: return None"
"Input: n: an integer
Output: nth element of the fibfib number sequence
1: for each element of the fibfib number sequence:
2:     if nth element of the fibfib number sequence is greater than the previous element:
3:         return nth element of the fibfib number sequence
4: return None"
"Input: str: a string
Output: int: the number of vowels in the given string
1: for each character ch in str:
2:     if ch appears more than once in str:
3:         return ch
4: return None"
"Input: x: a number
Output: x: a number
1: for each digit x in str:
2:     if x occurs more than once in str:
3:         return x
4: return None"
"Input: str: a string
Output: sum: a string
1: for each character ch in str:
2:     if ch appears more than once in str:
3:         return ch
4: return None"
"Input:
s: a string
n: an integer
Output:
Output:
Output:
Output:
Output:
Output:
Output:
Output:
Output:
Output:
Output:
Output:
Output:
Output:
Output:
Output:
Output:
Output:
Output:
Output:
Output:
Output:
Output:
Output:
Output:
Output:
Output:
Output:
Output:
Output:
Output:
Output:
Output:
Output:
Output:
Output:
Output:
Output:
Output:
Output:
Output:
Output:
Output:
Output:
Output:
Output:
Output:
Output:
Output:
Output:
Output:
Output:
Output:
Output:
Output:
Output:
Output:
Output:
Output:
Output:
Output:
Output:
Output:
Output:
Output:
Output:
Output:
Output:
Output:
Output:
Output:
Output:
Output:
Output:
Output:
Output:
Output:
Output:
Output:
Output:
Output:"
"Input: arr: a list of integers
Output: node: a node in the tree
1: for each node in arr:
2:     if node.val is even:
3:         return node.val
4: return None"
"Input: lst: a list of integers
Output: int: the greatest integer that is greater than zero, and has a frequency greater than or equal to the value of the integer itself
1: for each integer in lst:
2:     if lst[i] is greater than or equal to i:
3:         return lst[i]
4: return -1"
"Input: lst: a list of integers
Output: lst: a list of integers in strange order
1: for each integer in lst:
2:     if lst[i] is greater than lst[i-1]:
3:         replace lst[i] with lst[i-1]
4:     if lst[i] is less than lst[i-1]:
5:         replace lst[i] with lst[i-1]
6:     if lst[i] is equal to lst[i-1]:
7:         replace lst[i] with lst[i-1]
8:     if lst[i] is less than lst[i-1]:
9:         replace lst[i] with lst[i-1]
10:     if lst[i] is equal to lst[i-1]:
11:         replace lst[i] with lst[i-1]
12:     if lst[i] is greater than lst[i-1]:
13:         replace lst[i] with lst"
"Input: a: a side length
Input: b: b side length
Input: c: c side length
Output: a: a side length
Output: b: b side length
Output: c: c side length
Output: -1: a or b or c are not valid triangles"
"Input: q: a list of integers
Output: True: q is a palindromic list
False: q is not a palindromic list"
"Input: arr: a list of integers
Output: smallest_change: the minimum number of changes needed to make the array palindromic
1: for each element in arr:
2:     if arr[i]!= arr[i+1]:
3:         return arr[i]
4: return None"
"Input:
Input:
Output:
""""""

def total_match(lst1, lst2):
    """"""
    Write a python function that accepts two lists of strings and returns the list that has 
    total number of chars in the all strings of the list less than the other list.

    if the two lists have the same number of chars, return the first list.
    """""""
"Input: a: a number
Output: b: true if a is a multiplication of 3 prime numbers and false otherwise
1: for each number a in range (100):
2:     if a is less then 3:
3:         return True
4: return False"
"Input: x: a number
Output: True or False"
"Input: a: a integer
Output: True"
"Input: str: a string
Output: int: the number of hexadecimal digits that are primes
1: for each character ch in str:
2:     if ch appears more than once in str:
3:         return ch
4: return None"
"Input: decimal: a number
Output: binary: a string
1: for each character ch in str:
2:     if ch appears more than once in str:
3:         return ch
4: return None"
"Input: s: a string
Output: True: if s is happy
Output: False: if s is not happy"
"Input: grades: a list of grades
Output: list of letter grades
[4.0, 3.7, 3.3, 3.0, 2.7, 2.3, 2.0, 1.7, 1.3, 1.0, 0.7, 0.0, 0.0, 0.0, 0.0, 0.0, 0.0, 0.0, 0.0, 0.0, 0.0, 0.0, 0.0, 0.0, 0.0, 0.0, 0.0, 0.0, 0.0, 0.0, 0.0, 0.0, 0.0, 0.0, 0.0, 0.0, 0.0, 0.0, 0.0, 0.0, 0.0, 0.0, 0.0, 0.0, 0.0, 0.0, 0.0, 0.0, 0.0, 0.0, 0.0, 0.0, 0.0, 0.0, 0.0, 0.0, 0.0, 0.0, 0.0, 0."
"Input: str: a string
Output: bool: True if the string is a prime number or False otherwise
1: for each character ch in str:
2:     if ch appears more than once in str:
3:         return ch
4: return None"
"Input: n: a positive integer
Output: count: a positive integer
1: for each positive integer n:
2:     if n is 1:
3:         return 1
4: return None"
"Input: N: a positive integer
Output: sum: a positive integer
1: for each digit in N:
2:     if digit is odd:
3:         return digit
4: return None"
"Input: lst: a list of integers
Output: a list of integers
1: for each element in lst:
2:     if element is even:
3:         add element to lst
4: return lst"
"Input: str: a string
Output: str: an ordered version of str
1: for each character ch in str:
2:     if ch appears more than once in str:
3:         return ch
4: return None"
"Input: lst: a list of lists
Output: list of tuples
1: for each row in lst:
2:     for each column in lst[i]:
3:         if lst[i][j] == lst[i][j]:
4:             return [(i, j)]
5: return None"
"Input: array: an array of non-negative integers
Output: array: an array of non-negative integers
""""""

def sort_array(array):
    """"""    Given an array of non-negative integers, return a copy of the given array after sorting,
    you will sort the given array in ascending order if the sum( first index value, last index value) is odd,
    or sort it in descending order if the sum( first index value, last index value) is even.

    Note:
    * don't change the given array.
    """""""
"Input: str: a string
Output: str: a string encrypted with the alphabet rotated
1: for each character ch in str:
2:     if ch appears more than once in str:
3:         return ch
4: return None"
"Input: lst: a list of integers
Output: next_smallest: a function that returns the 2nd smallest element of the list
1: for each element in lst:
2:     if lst[i] is greater than lst[i+1]:
3:         return lst[i+1]
4: return None"
"Input: str: a string
Output: count: a count of how many times a word is repeated
1: for each word word in str:
2:     if word is repeated:
3:         return 1
4: return 0"
"Input: x: a number
Input: y: a number
Input: z: a number
Output: true: x is equal to y and z is not an integer
Output: false: x is not equal to y and z is an integer"
"Input: str: a string
Output: str: a string with all the vowels swapped
1: for each letter ch in str:
2:     if ch appears more than once in str:
3:         return ch
4: return None"
"Input: lst: a list of integers
Output: sum: a sum of the digits of the first element in the list
1: for each element in lst:
2:     if the element is a prime number:
3:         return the sum of the digits of the element
4: return None"
"Input: dict: a dictionary
Output: True
    """"""
    
    if len(dict) == 0:
        return True
    for key in dict.keys():
        if type(key)!= str:
            return False
    return True

def check_dict_case_2(dict):
    """"""    Given a dictionary, return True if all keys are strings in lower 
    case or all keys are strings in upper case, else return False.
    The function should return False is the given dictionary is empty.
    """"""
    if len(dict) == 0:
        return True
    for key in dict.keys():
        if type(key)!= str:
            return False
    return True

def check_dict_case_3(dict):
    """"""    Given a dictionary, return True if all keys are strings in lower 
    case or all keys are strings in upper case, else return False.
    The function should return False is the given dictionary is empty.
    """"""
    if len(dict) == 0:
        return True
    for key in dict.keys():
        if type(key)"
"Input: n: a non-negative integer
Output: primes: a list of prime numbers
1: for each prime number p in primes:
2:     if p is less than n:
3:         return p
4: return None"
"Input: a: a positive integer
Output: b: a positive integer
1: for each digit in a:
2:     if a is a multiple of b:
3:         return a * b
4: return None"
"Input: s: a string
Output: count: a count of vowels in even indices
1: for each character ch in str:
2:     if ch is uppercase:
3:         count += 1
4: return count"
"Input: str: a string
Output: int: the closest integer to the given number
1: for each character ch in str:
2:     if ch appears more than once in str:
3:         return ch
4: return None"
"Input: n: a positive integer
Output: a list of integers
1: for each level of n:
2:     if n is odd:
3:         if n is even:
4:         return a list of integers
5: return None"
"Input: str: a string
Output: words: a list of words
1: split the string into words
2: return a list of words"
"Input: x: a positive integer
Output: y: a positive integer
1: for each number x in range [x, y] inclusive:
2:     if x is even:
3:         return x
4: return -1"
"Input: n: a positive integer
Output: avg: a positive integer
1: for each integer n:
2:     if n is even:
3:         return n
4: return -1"
"Input: x: a list of positive integers
Output: unique_digits: a sorted list of all elements that hasn't any even digit
1: for each element x[i] in x:
2:     if x[i] is even:
3:         return x[i]
4: return None"
"Input: arr: an array of integers
Output: arr: an array of strings
1: for each integer in arr:
2:     if the integer is less than 9:
3:         replace the integer with its name from ""One"", ""Two"", ""Three"", ""Four"", ""Five"", ""Six"", ""Seven"", ""Eight"", ""Nine""
4: return arr"
"Input: n: a positive integer
Output: a list of size n, such that the value of the element at index i is the factorial of i if i is even
    or the sum of numbers from 1 to i otherwise.
    """""""
"Input: n: a positive integer
Output: n: a positive integer
1: for each integer n:
2:     if n is even:
3:         if n is odd:
4:             return n
5: return None"
"Input: arr: a list of integers
Output: count: a list of integers
1: for each element in arr:
2:     if arr[i] > 0:
3:         return arr[i]
4: return None"
"Input: arr: a list of N integers
Output: True if the given array is sorted in non-decreasing order by
    performing the above operation, otherwise return False.
    """"""

#### Example:
def move_one_ball(arr):
    """"""
    Write a python function to find the first repeated 
    character in a given string.
    """"""

#### Example:
def move_one_ball(arr):
    """"""
    Write a python function to find the first repeated 
    character in a given string.
    """"""

#### Example:
def move_one_ball(arr):
    """"""
    Write a python function to find the first repeated 
    character in a given string.
    """"""

#### Example:
def move_one_ball(arr):
    """"""
    Write a python function to find the first repeated 
    character in a given string.
    """"""

#### Example:
def move_one_ball(arr):
    """"""
    Write a python function to find the first repeated 
    character in a given string.
    """"""

#### Example:
def move_"
"Input:
lst1 = [1, 2, 3, 4, 5, 6, 7, 8, 9, 10]
lst2 = [1, 2, 3, 4, 5, 6, 7, 8, 9, 10]"
"Input: str: a string
Output: dict: a dictionary of the letter with the most repetition and containing the corresponding count
1: for each character ch in str:
2:     if ch appears more than once in str:
3:         return ch
4: return None"
"Input: s: a string
Output: (str, bool)
1: for each character ch in s:
2:     if ch appears more than once in s:
3:         return ch
4: return None"
"Input: str: a string
Output: str: a string
1: for each character ch in str:
2:     if ch appears more than once in str:
3:         return ch
4: return None"
"Input: nums: a list of integers
Output: min_sum: a list of integers
1: for each element in nums:
2:     if nums[i] is greater than nums[i+1]
3:         return nums[i]
4: return None"
"Input: grid: a grid of wells
Output: number of times you need to lower the buckets
1: for each row:
2:     for each 1 in each row:
3:         for each 1 in each row:
4:         for each 1 in each row:
5:         for each 1 in each row:
6:         for each 1 in each row:
7:         for each 1 in each row:
8:         for each 1 in each row:
9:         for each 1 in each row:
10:         for each 1 in each row:
11:         for each 1 in each row:
12:         for each 1 in each row:
13:         for each 1 in each row:
14:         for each 1 in each row:
15:         for each 1 in each row:
16:         for each 1 in each row:
17:         for each 1 in each row:
18:         for each 1 in each row:
19:         for each 1 in each row:
20:         for each 1 in each row:
21:         for each 1 in each row:
22:         for each 1 in"
"Input: arr: a list of non-negative integers
Output: sorted_arr: a sorted list of non-negative integers
1: for each element in arr:
2:     if arr[i] > 0:
3:         return arr[i]
4: return None"
"Input: str: a string
Output: a list of words in string s
1: for each word in str:
2:     if word contains any consonants:
3:         return word
4: return None"
"Input: str: a string
Output: ch: a vowel that is closest to the right side of the word
1: for each vowel ch in str:
2:     if ch appears more than once in str:
3:         return ch
4: return None"
"Input: str: a string
Output: 'Yes' or 'No'
1: for each character ch in str:
2:     if ch appears more than once in str:
3:         return ch
4: return None"
"Input: arr: a list of integers
Output: arr: a list of integers
1: for each element arr[i] in arr:
2:     if arr[i] > 0:
3:         return arr[i]
4: return None"
"Input: [1, 2, 3, 4, 5]
Output: 6

### Explanation:
The first element of the list is odd, so the sum of the odd elements is 6.
The second element of the list is even, so the sum of the odd elements is 6.
The third element of the list is even, so the sum of the odd elements is 6.
The fourth element of the list is odd, so the sum of the odd elements is 6.
The fifth element of the list is even, so the sum of the odd elements is 6.
The sixth element of the list is even, so the sum of the odd elements is 6.
The seventh element of the list is even, so the sum of the odd elements is 6.
The eighth element of the list is even, so the sum of the odd elements is 6.
The ninth element of the list is even, so the sum of the odd elements is 6.
The tenth element of the list is even, so the sum of the odd elements is 6.
The eleventh element of the list is even, so the sum of the odd elements is 6.
The twelfth element of the list is even,"
"Input: arr: a list of integers
Output: sum: a sum of the elements of arr
1: for each element in arr:
2:     if k > 2:
3:         return arr[k-2] + arr[k-1]
4: return None"
"Input: n = 10
Output: [1, 2, 3, 4, 5, 6, 7, 8, 9, 10]"
"Input: str: a string
Output: True or False
"""""""
"Input: str: a string
Output: a list of words
1: for each word in the string:
2:     if word contains a comma:
3:         return a list of words with the comma separated words
4: return None"
"Input: lst: a list of numbers
Output: True if lst is sorted, False otherwise
1: for each number in lst:
2:     if lst[i] is greater than lst[i+1]:
3:         return True
4: return False"
"Input: intervals: [[1,2],[2,3],[3,4],[1,4]]
Output: ""YES""

### Explanation:

# The first interval (1, 2) and the second interval (2, 3) are closed.
# The third interval (3, 4) is closed.
# The first interval (1, 4) and the second interval (2, 4) are closed.
# The second interval (2, 4) is closed.
# The third interval (3, 4) is closed.
# The first interval (1, 4) and the second interval (2, 4) are closed.
# The second interval (2, 4) is closed.
# The third interval (3, 4) is closed.
# The first interval (1, 4) and the second interval (2, 4) are closed.
# The second interval (2, 4) is closed.
# The third interval (3, 4) is closed.
# The first interval (1, 4) and the second interval (2, 4) are closed.
# The second interval (2, 4) is closed.
# The third interval (3"
"Input: arr: a list of integers
Output: sum: a list of integers
1: for each element in arr:
2:     if arr[i] is 1:
3:         return arr[i] * prod_signs(arr[:i])
4: return None"
"Input: grid: a list of lists of integers
Output: a list of integers
1: for each cell in the grid:
2:     if the cell contains an edge with a value of 1:
3:         return the value of the cell
4: return None"
"Input: n: a non-negative integer
Output: a list of the first n + 1 numbers of the Tribonacci sequence
1: for each character ch in str:
2:     if ch appears more than once in str:
3:         return ch
4: return None"
"Input: n: a positive integer
Output: n*(n+1)/2

### Explanation:

# 1. digits(n) = n*(n+1)/2
# 2. digits(n) = n*(n+1)/2
# 3. digits(n) = n*(n+1)/2
# 4. digits(n) = 0
# 5. digits(n) = 0
# 6. digits(n) = 0
# 7. digits(n) = 0
# 8. digits(n) = 0
# 9. digits(n) = 0
# 10. digits(n) = 0
# 11. digits(n) = 0
# 12. digits(n) = 0
# 13. digits(n) = 0
# 14. digits(n) = 0
# 15. digits(n) = 0
# 16. digits(n) = 0
# 17. digits(n) = 0
# 18. digits(n) = 0
# 19. digits(n) = 0
# 20. digits(n) = 0
# 21. digits(n) ="
"Input: str: a string
Output: True: if there is a valid subsequence of brackets
False: if there is no valid subsequence of brackets
""""""

def is_nested(string):
    """"""    Create a function that takes a string as input which contains only square brackets.
    The function should return True if and only if there is a valid subsequence of brackets
    where at least one bracket in the subsequence is nested.
    """"""

#### Output:
Input: str: a string
Output: True: if there is a valid subsequence of brackets
False: if there is no valid subsequence of brackets
""""""

def is_nested(string):
    """"""    Create a function that takes a string as input which contains only square brackets.
    The function should return True if and only if there is a valid subsequence of brackets
    where at least one bracket in the subsequence is nested.
    """"""

#### Output:
Input: str: a string
Output: True: if there is a valid subsequence of brackets
False: if there is no valid subsequence of brackets
""""""

def is_nested(string):"
"Input: lst: a list of numbers
Output: sum_squares: a list of squared numbers
1: for each element in lst:
2:     if lst[i] is a number:
3:         return lst[i] * lst[i]
4: return None"
"Input: str: a string
Output: True: if the last character of a given string is a letter
False: if the last character of a given string is not a letter
""""""

def is_a_letter(txt):
    """"""
    Create a function that returns True if the last character
    of a given string is a letter and is not a part of a word,
    and False otherwise.
    """"""

#### Output:
Input: str: a string
Output: True: if the last character of a given string is a letter
False: if the last character of a given string is not a letter
""""""

def is_a_letter_in_word(txt):
    """"""
    Create a function that returns True if the last character
    of a given string is a letter and is not a part of a word,
    and False otherwise.
    """"""

#### Output:
Input: str: a string
Output: True: if the last character of a given string is a letter
False: if the last character of a given string is not a letter
""""""

def is_a_letter_in_word_2(txt"
"Input: arr: a list of integers
Output: index: a list of integers
1: for each element in arr:
2:     if element is greater than or equal to the previous element:
3:         return index
4: return None"
"Input: lst: a list of integers
Output: a tuple: (a, b)
1: for each element in lst:
2:     if a > b:
3:         return a
4: return b"
"Input: a: a string
Output: b: a string
1: for each character ch in str:
2:     if ch appears more than once in str:
3:         return ch
4: return None"
"Input: n: a number
Output: True if n can be written as the sum of exactly 4 positive even numbers
1: for each even number e in n:
2:     if e is even:
3:         return True
4:     return False"
"Input: n: a positive integer
Output: n!

### Example:

def special_factorial(n):
    """"""The Brazilian factorial is defined as:
    brazilian_factorial(n) = n! * (n-1)! * (n-2)! *... * 1!
    where n > 0

    The function will receive an integer as input and should return the special
    factorial of this integer.
    """"""

#"
"Input: str: a string
Output: str: a string with spaces replaced by underscores
1: for each character ch in str:
2:     if ch appears more than once in str:
3:         return ch
4: return None"
"Input: str: a string
Output: 'Yes' if the file's name is valid, and 'No' otherwise.
1: for each character ch in str:
2:     if ch appears more than once in str:
3:         return ch
4: return None"
"Input: lst: a list of integers
Output: sum: a sum of all integers in lst
1: for each integer in lst:
2:     if its index is a multiple of 3:
3:         if its index is a multiple of 4:
4:         return sum_squares(lst)
5: return None"
"Input: sentence: a string
Output: a string"
"Input: x: a string
Output: True if x is a whole number and False otherwise
1: for each character ch in str:
2:     if ch appears more than once in str:
3:         return True
4: return False"
"Input: nums: a list of integers
Output: a list of integers
1: for each item in nums:
2:     if nums[i] is greater than the sum of its digits:
3:         return nums[i]
4: return None"
"Input: nums: a list of numbers
Output: count: a count of the number of elements in the array that are greater than 10
1: for each element in nums:
2:     if nums[i] is greater than 10:
3:         if first and last digits of nums[i] are odd:
4:             return nums[i]
5: return None"
"Input: n: a positive integer
Output: a: an array of integers
1: for each i (1 ≤ i ≤ n):
2:     if a[i] is a multiple of 3:
3:         return a[i]
4: return None"
"Input: planet1: a planet name
Input: planet2: a planet name
Output: a tuple containing all planets whose orbits are 
    located between the orbit of planet1 and the orbit of planet2, sorted by 
    the proximity to the sun.
    """""""
"Input:
str: a string
Output:
str: a sorted list of strings
1: for each character ch in str:
2:     if ch appears more than once in str:
3:         return ch
4: return None"
"Input: n: a number
Output: x: a prime number
Output: y: a prime number
1: for each number n:
2:     if n is a prime number:
3:         return n
4: return None"
"Input: lst: a list of numbers
Output: sum: a sum of squares of the numbers in lst
1: for each number in lst:
2:     if number is odd:
3:         return number * number
4: return None"
"Input:

def compare(game,guess):
    """"""
    Write a python function to find the first repeated 
    character in a given string.
    """"""

#### Output:
Input:

def compare(game,guess):
    """"""
    Write a python function to find the first repeated 
    character in a given string.
    """"""

#### Output:
Input:

def compare(game,guess):
    """"""
    Write a python function to find the first repeated 
    character in a given string.
    """"""

#### Output:
Input:

def compare(game,guess):
    """"""
    Write a python function to find the first repeated 
    character in a given string.
    """"""

#### Output:
Input:

def compare(game,guess):
    """"""
    Write a python function to find the first repeated 
    character in a given string.
    """"""

#### Output:
Input:

def compare(game,guess):
    """"""
    Write a python function to find the first repeated 
    character in a given string."
"Input: class_name: a string
Output: class_name.StrongestExtensionName: a string
1: for each extension in the class's list:
2:     if extension.strength is greater than the strength of the extension:
3:         return extension.name
4: return None"
"Input: a: a string
Output: b: a string
1: for each character ch in a:
2:     if ch appears more than once in a:
3:         return True
4: return False"
"Input: num: an integer
Output: (even, odd)
1: for each number in num:
2:     if num % 2 == 0:
3:         return (num % 2, num % 2)
4: return None"
"Input: number: a positive integer
Output: str: a string of roman numeral equivalent
1: for each integer num in range 1 to 1000:
2:     if num is less than or equal to 1000:
3:         return num
4: return None"
"Input: a, b, c
Output: True
Input: a, b, c
Output: False"
"Input: words: a list of strings
Output: max_char: a string
1: for each word in words:
2:     if max_char occurs more than once in word:
3:         return max_char
4: return None"
"Input: number: an integer
Output: a list of integers
1: for each integer, if number appears more than once in str:
2:     if number appears more than once in str:
3:         return [ total number of eaten carrots after your meals,
                                      the number of carrots left after your meals ]
4: return None"
"Input: operator = [1, 2, 3, 4, 5, 6, 7, 8, 9, 10], operand = [1, 2, 3, 4, 5, 6, 7, 8, 9, 10]
Output:
    1 + 2 + 3 + 4 + 5 + 6 + 7 + 8 + 9 + 10
    1 + 2 + 3 + 4 + 5 + 6 + 7 + 8 + 9 + 10
    1 + 2 + 3 + 4 + 5 + 6 + 7 + 8 + 9 + 10
    1 + 2 + 3 + 4 + 5 + 6 + 7 + 8 + 9 + 10
    1 + 2 + 3 + 4 + 5 + 6 + 7 + 8 + 9 + 10
    1 + 2 + 3 + 4 + 5 + 6 + 7 + 8 + 9 + 10
    1 + 2 + 3 + 4 + 5 + 6 + 7 + 8 + 9 + 10
    1 + 2 + 3 + 4 + 5 + 6 + 7 + 8 + 9 + 10
    1 + 2 + 3 + 4 + 5 + 6 + 7 + 8 + 9 + 10
    1 + 2 + 3 + 4 + 5 + 6 +"
"Input: str: a string
Output: str: a string
1: for each character ch in str:
2:     if ch appears more than once in str:
3:         return ch
4: return None"
"Input: str: a string
Output: str: a string
1: for each character ch in str:
2:     if ch appears more than once in str:
3:         return ch
4: return None"
"Input: a: a positive integer
Output: b: a positive integer
1: for each integer a:
2:     if a is even:
3:         return a
4: return None"
